owner,tags,users,projectid,url
amanda_styles,"#branding,#packaging",,Display,./amanda_styles/Display/amanda_styles_004.jpg
amanda_styles,"#branding,#packaging",,Display,./amanda_styles/Display/amanda_styles_001.jpg
amanda_styles,"#branding,#packaging",,Display,./amanda_styles/Display/amanda_styles_003.jpg
amanda_styles,"#branding,#packaging",,Display,./amanda_styles/Display/amanda_styles_002.jpg
amanda_styles,#branding,@ben_phics,Blond_uid,./amanda_styles/Projects/Branding - Blond/amanda_styles_013.jpg
amanda_styles,#branding,@ben_phics,Blond_uid,./amanda_styles/Projects/Branding - Blond/amanda_styles_011.jpg
amanda_styles,#branding,@ben_phics,Blond_uid,./amanda_styles/Projects/Branding - Blond/amanda_styles_006.jpg
amanda_styles,#branding,@ben_phics,Blond_uid,./amanda_styles/Projects/Branding - Blond/amanda_styles_010.jpg
amanda_styles,#branding,@ben_phics,Blond_uid,./amanda_styles/Projects/Branding - Blond/amanda_styles_005.jpg
amanda_styles,#branding,@ben_phics,Blond_uid,./amanda_styles/Projects/Branding - Blond/amanda_styles_008.jpg
amanda_styles,#branding,@ben_phics,Blond_uid,./amanda_styles/Projects/Branding - Blond/amanda_styles_007.jpg
amanda_styles,#branding,@ben_phics,Blond_uid,./amanda_styles/Projects/Branding - Blond/amanda_styles_009.jpg
amanda_styles,#branding,@ben_phics,Blond_uid,./amanda_styles/Projects/Branding - Blond/amanda_styles_012.jpg
amanda_styles,"#packaging,#branding",,Botanicals_uid,./amanda_styles/Projects/Packaging - Botanicals/amanda_styles_018.jpg
amanda_styles,"#packaging,#branding",,Botanicals_uid,./amanda_styles/Projects/Packaging - Botanicals/amanda_styles_019.jpg
amanda_styles,"#packaging,#branding",,Botanicals_uid,./amanda_styles/Projects/Packaging - Botanicals/amanda_styles_021.jpg
amanda_styles,"#packaging,#branding",,Botanicals_uid,./amanda_styles/Projects/Packaging - Botanicals/amanda_styles_017.jpg
amanda_styles,"#packaging,#branding",,Botanicals_uid,./amanda_styles/Projects/Packaging - Botanicals/amanda_styles_020.jpg
amanda_styles,"#packaging,#branding",,Botanicals_uid,./amanda_styles/Projects/Packaging - Botanicals/amanda_styles_015.jpg
amanda_styles,"#packaging,#branding",,Botanicals_uid,./amanda_styles/Projects/Packaging - Botanicals/amanda_styles_016.jpg
amanda_styles,"#packaging,#branding",,Botanicals_uid,./amanda_styles/Projects/Packaging - Botanicals/amanda_styles_014.jpg
ben_phics,#branding,,Display,./ben_phics/Display/ben_phics_003.jpg
ben_phics,#branding,,Display,./ben_phics/Display/ben_phics_002.jpg
ben_phics,#branding,,Display,./ben_phics/Display/ben_phics_004.jpg
ben_phics,#branding,,Display,./ben_phics/Display/ben_phics_001.jpg
ben_phics,#branding,,Brix_uid,./ben_phics/Projects/Branding - BRIX/ben_phics_008.jpg
ben_phics,#branding,,Brix_uid,./ben_phics/Projects/Branding - BRIX/ben_phics_006.jpg
ben_phics,#branding,,Brix_uid,./ben_phics/Projects/Branding - BRIX/ben_phics_009.jpg
ben_phics,#branding,,Brix_uid,./ben_phics/Projects/Branding - BRIX/ben_phics_005.jpg
ben_phics,#branding,,Brix_uid,./ben_phics/Projects/Branding - BRIX/ben_phics_007.jpg
ben_phics,#branding,@amanda_styles,ColdBrew_uid,./ben_phics/Projects/Packaging - Cold Brew/ben_phics_012.jpg
ben_phics,#branding,@amanda_styles,ColdBrew_uid,./ben_phics/Projects/Packaging - Cold Brew/ben_phics_010.jpg
ben_phics,#branding,@amanda_styles,ColdBrew_uid,./ben_phics/Projects/Packaging - Cold Brew/ben_phics_011.jpg
ben_phics,#branding,@amanda_styles,ColdBrew_uid,./ben_phics/Projects/Packaging - Cold Brew/ben_phics_014.jpg
ben_phics,#branding,@amanda_styles,ColdBrew_uid,./ben_phics/Projects/Packaging - Cold Brew/ben_phics_013.jpg
emrys_lynch,#lifestyle,,Display,./emrys_lynch/Display/emrys_lynch_001.jpg
emrys_lynch,#lifestyle,,Display,./emrys_lynch/Display/emrys_lynch_004.jpg
emrys_lynch,#lifestyle,,Display,./emrys_lynch/Display/emrys_lynch_003.jpg
emrys_lynch,#lifestyle,,Display,./emrys_lynch/Display/emrys_lynch_002.jpg
emrys_lynch,#lifestyle,,AnthonShop_uid,./emrys_lynch/Projects/ANTHON SHOP/emrys_lynch_007.jpg
emrys_lynch,#lifestyle,,AnthonShop_uid,./emrys_lynch/Projects/ANTHON SHOP/emrys_lynch_006.jpg
emrys_lynch,#lifestyle,,AnthonShop_uid,./emrys_lynch/Projects/ANTHON SHOP/emrys_lynch_005.jpg
emrys_lynch,#lifestyle,,AnthonShop_uid,./emrys_lynch/Projects/ANTHON SHOP/emrys_lynch_009.jpg
emrys_lynch,#lifestyle,,AnthonShop_uid,./emrys_lynch/Projects/ANTHON SHOP/emrys_lynch_008.jpg
emrys_lynch,#lifestyle,,AnthonShop_uid,./emrys_lynch/Projects/ANTHON SHOP/emrys_lynch_010.jpg
emrys_lynch,#lifestyle,,Botanicals2_uid,./emrys_lynch/Projects/BOTANICALS/emrys_lynch_012.jpg
emrys_lynch,#lifestyle,,Botanicals2_uid,./emrys_lynch/Projects/BOTANICALS/emrys_lynch_011.jpg
emrys_lynch,#lifestyle,,Botanicals2_uid,./emrys_lynch/Projects/BOTANICALS/emrys_lynch_014.jpg
emrys_lynch,#lifestyle,,Botanicals2_uid,./emrys_lynch/Projects/BOTANICALS/emrys_lynch_013.jpg
lola_lake,#lifestyle,,Display,./lola_lake/Display/lola_lake_002.jpg
lola_lake,#lifestyle,,Display,./lola_lake/Display/lola_lake_003.jpg
lola_lake,#portraits,,Display,./lola_lake/Display/lola_lake_001.jpg
lola_lake,"#lifestyle,#portraits",,Baby_uid,./lola_lake/Projects/BABY/lola_lake_008.jpg
lola_lake,"#lifestyle,#portraits",,Baby_uid,./lola_lake/Projects/BABY/lola_lake_004.jpg
lola_lake,"#lifestyle,#portraits",,Baby_uid,./lola_lake/Projects/BABY/lola_lake_005.jpg
lola_lake,"#lifestyle,#portraits",,Baby_uid,./lola_lake/Projects/BABY/lola_lake_007.jpg
lola_lake,"#lifestyle,#portraits",,Baby_uid,./lola_lake/Projects/BABY/lola_lake_006.jpg
lola_lake,#lifestyle,,Christmas_uid,./lola_lake/Projects/CHRISTMAS IN OUR HOUSE/lola_lake_011.jpg
lola_lake,#lifestyle,,Christmas_uid,./lola_lake/Projects/CHRISTMAS IN OUR HOUSE/lola_lake_010.jpg
lola_lake,#lifestyle,,Christmas_uid,./lola_lake/Projects/CHRISTMAS IN OUR HOUSE/lola_lake_012.jpg
lola_lake,#lifestyle,,Christmas_uid,./lola_lake/Projects/CHRISTMAS IN OUR HOUSE/lola_lake_009.jpg
lexi_vo,"#lifestyle,#portraits",,Display,./lexi_vo/Display/lexi_vo_001.jpg
lexi_vo,"#lifestyle,#fashion",,PetApparel_uid,./lexi_vo/Projects/Branding - Pet Apparel/lexi_vo_003.jpg
lexi_vo,"#lifestyle,#fashion",,PetApparel_uid,./lexi_vo/Projects/Branding - Pet Apparel/lexi_vo_005.jpg
lexi_vo,"#lifestyle,#fashion",,PetApparel_uid,./lexi_vo/Projects/Branding - Pet Apparel/lexi_vo_004.jpg
lexi_vo,"#lifestyle,#fashion",,PetApparel_uid,./lexi_vo/Projects/Branding - Pet Apparel/lexi_vo_007.jpg
lexi_vo,"#lifestyle,#fashion",,PetApparel_uid,./lexi_vo/Projects/Branding - Pet Apparel/lexi_vo_006.jpg
lexi_vo,"#lifestyle,#fashion",,PetApparel_uid,./lexi_vo/Projects/Branding - Pet Apparel/lexi_vo_002.jpg
lexi_vo,"#lifestyle,#fashion",,SetDesign_uid,./lexi_vo/Projects/Set Design 3/lexi_vo_009.jpg
lexi_vo,"#lifestyle,#fashion",,SetDesign_uid,./lexi_vo/Projects/Set Design 3/lexi_vo_008.jpg
lexi_vo,"#lifestyle,#fashion",,SetDesign_uid,./lexi_vo/Projects/Set Design 3/lexi_vo_011.jpg
lexi_vo,"#lifestyle,#fashion",,SetDesign_uid,./lexi_vo/Projects/Set Design 3/lexi_vo_010.jpg
shayla_sparks,,,Display,./shayla_sparks/Display/shayla_sparks_001.jpg
shayla_sparks,#lifestyle,,Display,./shayla_sparks/Display/shayla_sparks_002.jpg
shayla_sparks,"#portraits,#wedding",@dean_kelly,JaneandAndreaWedding_uid,./shayla_sparks/Projects/JANE AND ANDREA WEDDING/shayla_sparks_005.jpg
shayla_sparks,"#portraits,#wedding",@dean_kelly,JaneandAndreaWedding_uid,./shayla_sparks/Projects/JANE AND ANDREA WEDDING/shayla_sparks_007.jpg
shayla_sparks,"#portraits,#wedding",@dean_kelly,JaneandAndreaWedding_uid,./shayla_sparks/Projects/JANE AND ANDREA WEDDING/shayla_sparks_003.jpg
shayla_sparks,"#portraits,#wedding",@dean_kelly,JaneandAndreaWedding_uid,./shayla_sparks/Projects/JANE AND ANDREA WEDDING/shayla_sparks_006.jpg
shayla_sparks,"#portraits,#wedding",@dean_kelly,JaneandAndreaWedding_uid,./shayla_sparks/Projects/JANE AND ANDREA WEDDING/shayla_sparks_008.jpg
shayla_sparks,"#portraits,#wedding",@dean_kelly,JaneandAndreaWedding_uid,./shayla_sparks/Projects/JANE AND ANDREA WEDDING/shayla_sparks_004.jpg
shayla_sparks,"#portraits,#fashion","@sultan_morgan,@dean_kelly",VogueFashionShow_uid,./shayla_sparks/Projects/VOGUE FASHION SHOW/shayla_sparks_012.jpg
shayla_sparks,"#portraits,#fashion","@sultan_morgan,@dean_kelly",VogueFashionShow_uid,./shayla_sparks/Projects/VOGUE FASHION SHOW/shayla_sparks_014.jpg
shayla_sparks,"#portraits,#fashion","@sultan_morgan,@dean_kelly",VogueFashionShow_uid,./shayla_sparks/Projects/VOGUE FASHION SHOW/shayla_sparks_010.jpg
shayla_sparks,"#portraits,#fashion","@sultan_morgan,@dean_kelly",VogueFashionShow_uid,./shayla_sparks/Projects/VOGUE FASHION SHOW/shayla_sparks_011.jpg
shayla_sparks,"#portraits,#fashion","@sultan_morgan,@dean_kelly",VogueFashionShow_uid,./shayla_sparks/Projects/VOGUE FASHION SHOW/shayla_sparks_009.jpg
shayla_sparks,"#portraits,#fashion","@sultan_morgan,@dean_kelly",VogueFashionShow_uid,./shayla_sparks/Projects/VOGUE FASHION SHOW/shayla_sparks_013.jpg
tyreece_santiago,"#branding,#packaging",,Display,./tyreece_santiago/Display/tyreece_santiago_001.jpg
tyreece_santiago,#branding,,LogoCollection3_uid,./tyreece_santiago/Projects/Logo Collection 3/tyreece_santiago_003.jpg
tyreece_santiago,#branding,,LogoCollection3_uid,./tyreece_santiago/Projects/Logo Collection 3/tyreece_santiago_004.jpg
tyreece_santiago,#branding,,LogoCollection3_uid,./tyreece_santiago/Projects/Logo Collection 3/tyreece_santiago_005.jpg
tyreece_santiago,#branding,,LogoCollection3_uid,./tyreece_santiago/Projects/Logo Collection 3/tyreece_santiago_002.jpg
tyreece_santiago,"#branding,#packaging",@chloe_evans,PeaceCoffee_uid,./tyreece_santiago/Projects/Packaging - Peace Coffee/tyreece_santiago_008.jpg
tyreece_santiago,"#branding,#packaging",@chloe_evans,PeaceCoffee_uid,./tyreece_santiago/Projects/Packaging - Peace Coffee/tyreece_santiago_010.jpg
tyreece_santiago,"#branding,#packaging",@chloe_evans,PeaceCoffee_uid,./tyreece_santiago/Projects/Packaging - Peace Coffee/tyreece_santiago_011.jpg
tyreece_santiago,"#branding,#packaging",@chloe_evans,PeaceCoffee_uid,./tyreece_santiago/Projects/Packaging - Peace Coffee/tyreece_santiago_006.jpg
tyreece_santiago,"#branding,#packaging",@chloe_evans,PeaceCoffee_uid,./tyreece_santiago/Projects/Packaging - Peace Coffee/tyreece_santiago_007.jpg
tyreece_santiago,"#branding,#packaging",@chloe_evans,PeaceCoffee_uid,./tyreece_santiago/Projects/Packaging - Peace Coffee/tyreece_santiago_012.jpg
tyreece_santiago,"#branding,#packaging",@chloe_evans,PeaceCoffee_uid,./tyreece_santiago/Projects/Packaging - Peace Coffee/tyreece_santiago_009.jpg
manon_avila,"#portraits,#fashion",,Display,./manon_avila/Display/manon_avila_001.jpg
manon_avila,"#portraits,#fashion",,Display,./manon_avila/Display/manon_avila_002.jpg
manon_avila,#lifestyle,,Display,./manon_avila/Display/manon_avila_003.jpg
manon_avila,#travel,,Display,./manon_avila/Display/manon_avila_004.jpg
manon_avila,"#portraits,#fashion",@dean_kelly,Model_Tracy_uid,./manon_avila/Projects/Model 4 - Tracy/manon_avila_006.jpg
manon_avila,"#portraits,#fashion",@dean_kelly,Model_Tracy_uid,./manon_avila/Projects/Model 4 - Tracy/manon_avila_007.jpg
manon_avila,"#portraits,#fashion",@dean_kelly,Model_Tracy_uid,./manon_avila/Projects/Model 4 - Tracy/manon_avila_008.jpg
manon_avila,"#portraits,#fashion",@dean_kelly,Model_Tracy_uid,./manon_avila/Projects/Model 4 - Tracy/manon_avila_005.jpg
manon_avila,"#portraits,#fashion",@dean_kelly,Model_Tracy_uid,./manon_avila/Projects/Model 4 - Tracy/manon_avila_009.jpg
manon_avila,"#portraits,#fashion",@dean_kelly,Model_Tracy_uid,./manon_avila/Projects/Model 4 - Tracy/manon_avila_010.jpg
manon_avila,"#portraits,#fashion",,Model_Becky_uid,./manon_avila/Projects/Model 7 - Becky/manon_avila_013.jpg
manon_avila,"#portraits,#fashion",,Model_Becky_uid,./manon_avila/Projects/Model 7 - Becky/manon_avila_015.jpg
manon_avila,"#portraits,#fashion",,Model_Becky_uid,./manon_avila/Projects/Model 7 - Becky/manon_avila_012.jpg
manon_avila,"#portraits,#fashion",,Model_Becky_uid,./manon_avila/Projects/Model 7 - Becky/manon_avila_011.jpg
manon_avila,"#portraits,#fashion",,Model_Becky_uid,./manon_avila/Projects/Model 7 - Becky/manon_avila_014.jpg
spencer_povey,"#portaits,#fashion",,Display,./spencer_povey/Display/spencer_povey_001.jpg
spencer_povey,"#portaits,#fashion",,Model_Steve_uid,./spencer_povey/Projects/Portraits - Steve/spencer_povey_005.jpg
spencer_povey,"#portaits,#fashion",,Model_Steve_uid,./spencer_povey/Projects/Portraits - Steve/spencer_povey_002.jpg
spencer_povey,"#portaits,#fashion",,Model_Steve_uid,./spencer_povey/Projects/Portraits - Steve/spencer_povey_004.jpg
spencer_povey,"#portaits,#fashion",,Model_Steve_uid,./spencer_povey/Projects/Portraits - Steve/spencer_povey_003.jpg
theodore_gibbs,#lifestyle,,Display,./theodore_gibbs/Display/theodore_gibbs_001.jpg
theodore_gibbs,,,Display,./theodore_gibbs/Display/theodore_gibbs_002.jpg
theodore_gibbs,#lifestyle,,Display,./theodore_gibbs/Display/theodore_gibbs_003.jpg
theodore_gibbs,#lifestyle,,Display,./theodore_gibbs/Display/theodore_gibbs_004.jpg
theodore_gibbs,"#portraits,#fashion",@alyssia_williamson,Model_Jamie_uid,./theodore_gibbs/Projects/Portraits - Jamie/theodore_gibbs_005.jpg
theodore_gibbs,"#portraits,#fashion",@alyssia_williamson,Model_Jamie_uid,./theodore_gibbs/Projects/Portraits - Jamie/theodore_gibbs_008.jpg
theodore_gibbs,"#portraits,#fashion",@alyssia_williamson,Model_Jamie_uid,./theodore_gibbs/Projects/Portraits - Jamie/theodore_gibbs_006.jpg
theodore_gibbs,"#portraits,#fashion",@alyssia_williamson,Model_Jamie_uid,./theodore_gibbs/Projects/Portraits - Jamie/theodore_gibbs_010.jpg
theodore_gibbs,"#portraits,#fashion",@alyssia_williamson,Model_Jamie_uid,./theodore_gibbs/Projects/Portraits - Jamie/theodore_gibbs_007.jpg
theodore_gibbs,"#portraits,#fashion",@alyssia_williamson,Model_Jamie_uid,./theodore_gibbs/Projects/Portraits - Jamie/theodore_gibbs_009.jpg
theodore_gibbs,#travel,,Tokyo_uid,./theodore_gibbs/Projects/Travel 5 - Tokyo/theodore_gibbs_012.jpg
theodore_gibbs,#travel,,Tokyo_uid,./theodore_gibbs/Projects/Travel 5 - Tokyo/theodore_gibbs_014.jpg
theodore_gibbs,#travel,,Tokyo_uid,./theodore_gibbs/Projects/Travel 5 - Tokyo/theodore_gibbs_011.jpg
theodore_gibbs,#travel,,Tokyo_uid,./theodore_gibbs/Projects/Travel 5 - Tokyo/theodore_gibbs_013.jpg
saif_clarkson,"#portraits,#travel,#fashion",,Display,./saif_clarkson/Display/saif_clarkson_002.jpg
saif_clarkson,"#branding,#fashion",,Display,./saif_clarkson/Display/saif_clarkson_001.jpg
saif_clarkson,"#branding,#portraits",@massimo_garner,CokeSummer_uid,./saif_clarkson/Projects/Branding - Coke Summer/saif_clarkson_007.jpg
saif_clarkson,"#branding,#portraits",@massimo_garner,CokeSummer_uid,./saif_clarkson/Projects/Branding - Coke Summer/saif_clarkson_009.jpg
saif_clarkson,"#branding,#portraits",@massimo_garner,CokeSummer_uid,./saif_clarkson/Projects/Branding - Coke Summer/saif_clarkson_004.jpg
saif_clarkson,"#branding,#portraits",@massimo_garner,CokeSummer_uid,./saif_clarkson/Projects/Branding - Coke Summer/saif_clarkson_003.jpg
saif_clarkson,"#branding,#portraits",@massimo_garner,CokeSummer_uid,./saif_clarkson/Projects/Branding - Coke Summer/saif_clarkson_006.jpg
saif_clarkson,"#branding,#portraits",@massimo_garner,CokeSummer_uid,./saif_clarkson/Projects/Branding - Coke Summer/saif_clarkson_005.jpg
saif_clarkson,"#branding,#portraits",@massimo_garner,CokeSummer_uid,./saif_clarkson/Projects/Branding - Coke Summer/saif_clarkson_008.jpg
saif_clarkson,"#travel,#lifestyle",,Paris_uid,./saif_clarkson/Projects/Travel 6 - Paris/saif_clarkson_014.jpg
saif_clarkson,"#travel,#lifestyle",,Paris_uid,./saif_clarkson/Projects/Travel 6 - Paris/saif_clarkson_013.jpg
saif_clarkson,"#travel,#lifestyle",,Paris_uid,./saif_clarkson/Projects/Travel 6 - Paris/saif_clarkson_010.jpg
saif_clarkson,"#travel,#lifestyle",,Paris_uid,./saif_clarkson/Projects/Travel 6 - Paris/saif_clarkson_011.jpg
saif_clarkson,"#travel,#lifestyle",,Paris_uid,./saif_clarkson/Projects/Travel 6 - Paris/saif_clarkson_015.jpg
saif_clarkson,"#travel,#lifestyle",,Paris_uid,./saif_clarkson/Projects/Travel 6 - Paris/saif_clarkson_012.jpg
asiyah_becker,"#portraits,#fashion",@manon_avila,Display,./asiyah_becker/Display/asiyah_becker_001.jpg
asiyah_becker,"#portraits,#fashion",@manon_avila,Asiyah_uid,./asiyah_becker/Projects/Model - Asiyah/asiyah_becker_003.jpg
asiyah_becker,"#portraits,#fashion",@manon_avila,Asiyah_uid,./asiyah_becker/Projects/Model - Asiyah/asiyah_becker_004.jpg
asiyah_becker,"#portraits,#fashion",@manon_avila,Asiyah_uid,./asiyah_becker/Projects/Model - Asiyah/asiyah_becker_005.jpg
asiyah_becker,"#portraits,#fashion",@manon_avila,Asiyah_uid,./asiyah_becker/Projects/Model - Asiyah/asiyah_becker_002.jpg
dean_kelly,"#portraits,#fashion,#makeup",,Display,./dean_kelly/Display/dean_kelly_001.jpg
dean_kelly,"#portraits,#fashion,#makeup",,Portraits_Anna_uid,./dean_kelly/Projects/Portraits - Anna/dean_kelly_003.jpg
dean_kelly,"#portraits,#fashion,#makeup",,Portraits_Anna_uid,./dean_kelly/Projects/Portraits - Anna/dean_kelly_004.jpg
dean_kelly,"#portraits,#fashion,#makeup",,Portraits_Anna_uid,./dean_kelly/Projects/Portraits - Anna/dean_kelly_002.jpg
dean_kelly,"#portraits,#fashion,#makeup",@anais_morin,Portraits_Dasha_uid,./dean_kelly/Projects/Portraits - Dasha/dean_kelly_010.jpg
dean_kelly,"#portraits,#fashion,#makeup",@anais_morin,Portraits_Dasha_uid,./dean_kelly/Projects/Portraits - Dasha/dean_kelly_008.jpg
dean_kelly,"#portraits,#fashion,#makeup",@anais_morin,Portraits_Dasha_uid,./dean_kelly/Projects/Portraits - Dasha/dean_kelly_005.jpg
dean_kelly,"#portraits,#fashion,#makeup",@anais_morin,Portraits_Dasha_uid,./dean_kelly/Projects/Portraits - Dasha/dean_kelly_006.jpg
dean_kelly,"#portraits,#fashion,#makeup",@anais_morin,Portraits_Dasha_uid,./dean_kelly/Projects/Portraits - Dasha/dean_kelly_009.jpg
dean_kelly,"#portraits,#fashion,#makeup",@anais_morin,Portraits_Dasha_uid,./dean_kelly/Projects/Portraits - Dasha/dean_kelly_007.jpg
chloe_evans,"#branding,#packaging",,Display,./chloe_evans/Display/chloe_evans_001.jpg
chloe_evans,"#branding,#packaging",,Display,./chloe_evans/Display/chloe_evans_002.jpg
chloe_evans,"#branding,#packaging",,Branding_Crave Burger_uid,./chloe_evans/Projects/Branding - Crave Burger/chloe_evans_003.jpg
chloe_evans,"#branding,#packaging",,Branding_Crave Burger_uid,./chloe_evans/Projects/Branding - Crave Burger/chloe_evans_006.jpg
chloe_evans,"#branding,#packaging",,Branding_Crave Burger_uid,./chloe_evans/Projects/Branding - Crave Burger/chloe_evans_007.jpg
chloe_evans,"#branding,#packaging",,Branding_Crave Burger_uid,./chloe_evans/Projects/Branding - Crave Burger/chloe_evans_004.jpg
chloe_evans,"#branding,#packaging",,Branding_Crave Burger_uid,./chloe_evans/Projects/Branding - Crave Burger/chloe_evans_005.jpg
chloe_evans,"#branding,#packaging",,Packaging_OrganicJuice_uid,./chloe_evans/Projects/Packaging - Organic Juice/chloe_evans_010.jpg
chloe_evans,"#branding,#packaging",,Packaging_OrganicJuice_uid,./chloe_evans/Projects/Packaging - Organic Juice/chloe_evans_012.jpg
chloe_evans,"#branding,#packaging",,Packaging_OrganicJuice_uid,./chloe_evans/Projects/Packaging - Organic Juice/chloe_evans_011.jpg
chloe_evans,"#branding,#packaging",,Packaging_OrganicJuice_uid,./chloe_evans/Projects/Packaging - Organic Juice/chloe_evans_008.jpg
chloe_evans,"#branding,#packaging",,Packaging_OrganicJuice_uid,./chloe_evans/Projects/Packaging - Organic Juice/chloe_evans_009.jpg
chloe_evans,"#branding,#packaging",,Packaging_OrganicJuice_uid,./chloe_evans/Projects/Packaging - Organic Juice/chloe_evans_014.jpg
chloe_evans,"#branding,#packaging",,Packaging_OrganicJuice_uid,./chloe_evans/Projects/Packaging - Organic Juice/chloe_evans_013.jpg
leena_mclean,"#fashion,#portraits",,Display,./leena_mclean/Display/leena_mclean_001.jpg
leena_mclean,"#fashion,#portraits","@joseph_moore,@fateh_durham",Model_Leena_uid,./leena_mclean/Projects/Model - Leena/leena_mclean_004.jpg
leena_mclean,"#fashion,#portraits","@joseph_moore,@fateh_durham",Model_Leena_uid,./leena_mclean/Projects/Model - Leena/leena_mclean_003.jpg
leena_mclean,"#fashion,#portraits","@joseph_moore,@fateh_durham",Model_Leena_uid,./leena_mclean/Projects/Model - Leena/leena_mclean_005.jpg
leena_mclean,"#fashion,#portraits","@joseph_moore,@fateh_durham",Model_Leena_uid,./leena_mclean/Projects/Model - Leena/leena_mclean_007.jpg
leena_mclean,"#fashion,#portraits","@joseph_moore,@fateh_durham",Model_Leena_uid,./leena_mclean/Projects/Model - Leena/leena_mclean_008.jpg
leena_mclean,"#fashion,#portraits","@joseph_moore,@fateh_durham",Model_Leena_uid,./leena_mclean/Projects/Model - Leena/leena_mclean_006.jpg
anais_morin,#travel,,Display,./anais_morin/Display/anais_morin_002.jpg
anais_morin,#lifestyle,,Display,./anais_morin/Display/anais_morin_003.jpg
anais_morin,"#travel,#lifestyle",,Display,./anais_morin/Display/anais_morin_001.jpg
anais_morin,#branding,,Branding_SushiRestaurant_uid,./anais_morin/Projects/Branding - Sushi Restaurant/anais_morin_008.jpg
anais_morin,#branding,,Branding_SushiRestaurant_uid,./anais_morin/Projects/Branding - Sushi Restaurant/anais_morin_005.jpg
anais_morin,#branding,,Branding_SushiRestaurant_uid,./anais_morin/Projects/Branding - Sushi Restaurant/anais_morin_004.jpg
anais_morin,#branding,,Branding_SushiRestaurant_uid,./anais_morin/Projects/Branding - Sushi Restaurant/anais_morin_007.jpg
anais_morin,#branding,,Branding_SushiRestaurant_uid,./anais_morin/Projects/Branding - Sushi Restaurant/anais_morin_006.jpg
anais_morin,"#travel,#lifestyle",,Travel3_WinterWonderland_uid,./anais_morin/Projects/Travel 3 - Winter Wonderland/anais_morin_016.jpg
anais_morin,"#travel,#lifestyle",,Travel3_WinterWonderland_uid,./anais_morin/Projects/Travel 3 - Winter Wonderland/anais_morin_009.jpg
anais_morin,"#travel,#lifestyle",,Travel3_WinterWonderland_uid,./anais_morin/Projects/Travel 3 - Winter Wonderland/anais_morin_012.jpg
anais_morin,"#travel,#lifestyle",,Travel3_WinterWonderland_uid,./anais_morin/Projects/Travel 3 - Winter Wonderland/anais_morin_015.jpg
anais_morin,"#travel,#lifestyle",,Travel3_WinterWonderland_uid,./anais_morin/Projects/Travel 3 - Winter Wonderland/anais_morin_013.jpg
anais_morin,"#travel,#lifestyle",,Travel3_WinterWonderland_uid,./anais_morin/Projects/Travel 3 - Winter Wonderland/anais_morin_011.jpg
anais_morin,"#travel,#lifestyle",,Travel3_WinterWonderland_uid,./anais_morin/Projects/Travel 3 - Winter Wonderland/anais_morin_014.jpg
anais_morin,"#travel,#lifestyle",,Travel3_WinterWonderland_uid,./anais_morin/Projects/Travel 3 - Winter Wonderland/anais_morin_010.jpg
lamar_gregory,"#glam,#portraits",,Display,./lamar_gregory/Display/lamar_gregory_001.jpg
lamar_gregory,"#glam,#portraits",,Display,./lamar_gregory/Display/lamar_gregory_002.jpg
lamar_gregory,"#glam,#portraits",,Portraits_Candy_uid,./lamar_gregory/Projects/Portraits - Candy/lamar_gregory_005.jpg
lamar_gregory,"#glam,#portraits",,Portraits_Candy_uid,./lamar_gregory/Projects/Portraits - Candy/lamar_gregory_006.jpg
lamar_gregory,"#glam,#portraits",,Portraits_Candy_uid,./lamar_gregory/Projects/Portraits - Candy/lamar_gregory_004.jpg
lamar_gregory,"#glam,#portraits",,Portraits_Candy_uid,./lamar_gregory/Projects/Portraits - Candy/lamar_gregory_008.jpg
lamar_gregory,"#glam,#portraits",,Portraits_Candy_uid,./lamar_gregory/Projects/Portraits - Candy/lamar_gregory_003.jpg
lamar_gregory,"#glam,#portraits",,Portraits_Candy_uid,./lamar_gregory/Projects/Portraits - Candy/lamar_gregory_007.jpg
lamar_gregory,"#glam,#portraits",,Portraits_Vanity_uid,./lamar_gregory/Projects/Portraits - Vanity/lamar_gregory_012.jpg
lamar_gregory,"#glam,#portraits",,Portraits_Vanity_uid,./lamar_gregory/Projects/Portraits - Vanity/lamar_gregory_011.jpg
lamar_gregory,"#glam,#portraits",,Portraits_Vanity_uid,./lamar_gregory/Projects/Portraits - Vanity/lamar_gregory_009.jpg
lamar_gregory,"#glam,#portraits",,Portraits_Vanity_uid,./lamar_gregory/Projects/Portraits - Vanity/lamar_gregory_010.jpg
massimo_garner,,,Display,./massimo_garner/Display/massimo_garner_001.jpg
massimo_garner,,,SetDesign_2_uid,./massimo_garner/Projects/Set Design 2/massimo_garner_004.jpg
massimo_garner,,,SetDesign_2_uid,./massimo_garner/Projects/Set Design 2/massimo_garner_002.jpg
massimo_garner,,,SetDesign_2_uid,./massimo_garner/Projects/Set Design 2/massimo_garner_005.jpg
massimo_garner,,,SetDesign_2_uid,./massimo_garner/Projects/Set Design 2/massimo_garner_006.jpg
massimo_garner,,,SetDesign_2_uid,./massimo_garner/Projects/Set Design 2/massimo_garner_003.jpg
steffan_harper,#lifestyle,,Display,./steffan_harper/Display/steffan_harper_002.jpg
steffan_harper,"#portraits,#fashion",,Display,./steffan_harper/Display/steffan_harper_001.jpg
steffan_harper,#lifestyle,,Lifestyle_Streets_uid,./steffan_harper/Projects/Lifestyle - Streets/steffan_harper_006.jpg
steffan_harper,#lifestyle,,Lifestyle_Streets_uid,./steffan_harper/Projects/Lifestyle - Streets/steffan_harper_005.jpg
steffan_harper,#lifestyle,,Lifestyle_Streets_uid,./steffan_harper/Projects/Lifestyle - Streets/steffan_harper_003.jpg
steffan_harper,#lifestyle,,Lifestyle_Streets_uid,./steffan_harper/Projects/Lifestyle - Streets/steffan_harper_004.jpg
steffan_harper,#lifestyle,,Lifestyle_Streets_uid,./steffan_harper/Projects/Lifestyle - Streets/steffan_harper_007.jpg
steffan_harper,"#portraits,#fashion",@alyssia_williamson,Portraits_Enigma_uid,./steffan_harper/Projects/Portraits - Enigma/steffan_harper_012.jpg
steffan_harper,"#portraits,#fashion",@alyssia_williamson,Portraits_Enigma_uid,./steffan_harper/Projects/Portraits - Enigma/steffan_harper_008.jpg
steffan_harper,"#portraits,#fashion",@alyssia_williamson,Portraits_Enigma_uid,./steffan_harper/Projects/Portraits - Enigma/steffan_harper_011.jpg
steffan_harper,"#portraits,#fashion",@alyssia_williamson,Portraits_Enigma_uid,./steffan_harper/Projects/Portraits - Enigma/steffan_harper_010.jpg
steffan_harper,"#portraits,#fashion",@alyssia_williamson,Portraits_Enigma_uid,./steffan_harper/Projects/Portraits - Enigma/steffan_harper_015.jpg
steffan_harper,"#portraits,#fashion",@alyssia_williamson,Portraits_Enigma_uid,./steffan_harper/Projects/Portraits - Enigma/steffan_harper_013.jpg
steffan_harper,"#portraits,#fashion",@alyssia_williamson,Portraits_Enigma_uid,./steffan_harper/Projects/Portraits - Enigma/steffan_harper_014.jpg
steffan_harper,"#portraits,#fashion",@alyssia_williamson,Portraits_Enigma_uid,./steffan_harper/Projects/Portraits - Enigma/steffan_harper_009.jpg
priyanka_mays,#branding,,Display,./priyanka_mays/Display/priyanka_mays_001.jpg
priyanka_mays,#branding,,Display,./priyanka_mays/Display/priyanka_mays_002.jpg
priyanka_mays,#branding,,LogoCollection2_uid,./priyanka_mays/Projects/Logo Collection 2/priyanka_mays_004.jpg
priyanka_mays,#branding,,LogoCollection2_uid,./priyanka_mays/Projects/Logo Collection 2/priyanka_mays_008.jpg
priyanka_mays,#branding,,LogoCollection2_uid,./priyanka_mays/Projects/Logo Collection 2/priyanka_mays_007.jpg
priyanka_mays,#branding,,LogoCollection2_uid,./priyanka_mays/Projects/Logo Collection 2/priyanka_mays_006.jpg
priyanka_mays,#branding,,LogoCollection2_uid,./priyanka_mays/Projects/Logo Collection 2/priyanka_mays_005.jpg
priyanka_mays,#branding,,LogoCollection2_uid,./priyanka_mays/Projects/Logo Collection 2/priyanka_mays_009.jpg
priyanka_mays,#branding,,LogoCollection2_uid,./priyanka_mays/Projects/Logo Collection 2/priyanka_mays_003.jpg
priyanka_mays,"#packaging,#branding",,Music_SingleCovers_uid,./priyanka_mays/Projects/Music - Single Covers/priyanka_mays_011.jpg
priyanka_mays,"#packaging,#branding",,Music_SingleCovers_uid,./priyanka_mays/Projects/Music - Single Covers/priyanka_mays_014.jpg
priyanka_mays,"#packaging,#branding",,Music_SingleCovers_uid,./priyanka_mays/Projects/Music - Single Covers/priyanka_mays_012.jpg
priyanka_mays,"#packaging,#branding",,Music_SingleCovers_uid,./priyanka_mays/Projects/Music - Single Covers/priyanka_mays_013.jpg
priyanka_mays,"#packaging,#branding",,Music_SingleCovers_uid,./priyanka_mays/Projects/Music - Single Covers/priyanka_mays_010.jpg
ephraim_rivas,#branding,,Display,./ephraim_rivas/Display/ephraim_rivas_001.jpg
ephraim_rivas,#branding,,Display,./ephraim_rivas/Display/ephraim_rivas_002.jpg
ephraim_rivas,#branding,,LogoCollection1_uid,./ephraim_rivas/Projects/Logo Collection 1/ephraim_rivas_004.jpg
ephraim_rivas,#branding,,LogoCollection1_uid,./ephraim_rivas/Projects/Logo Collection 1/ephraim_rivas_007.jpg
ephraim_rivas,#branding,,LogoCollection1_uid,./ephraim_rivas/Projects/Logo Collection 1/ephraim_rivas_005.jpg
ephraim_rivas,#branding,,LogoCollection1_uid,./ephraim_rivas/Projects/Logo Collection 1/ephraim_rivas_006.jpg
ephraim_rivas,#branding,,LogoCollection1_uid,./ephraim_rivas/Projects/Logo Collection 1/ephraim_rivas_003.jpg
ephraim_rivas,#branding,,LogoCollection1_uid,./ephraim_rivas/Projects/Logo Collection 1/ephraim_rivas_008.jpg
ephraim_rivas,#branding,,Typography2_FontBook_uid,./ephraim_rivas/Projects/Typography 2 - Font Book/ephraim_rivas_011.jpg
ephraim_rivas,#branding,,Typography2_FontBook_uid,./ephraim_rivas/Projects/Typography 2 - Font Book/ephraim_rivas_012.jpg
ephraim_rivas,#branding,,Typography2_FontBook_uid,./ephraim_rivas/Projects/Typography 2 - Font Book/ephraim_rivas_010.jpg
ephraim_rivas,#branding,,Typography2_FontBook_uid,./ephraim_rivas/Projects/Typography 2 - Font Book/ephraim_rivas_014.jpg
ephraim_rivas,#branding,,Typography2_FontBook_uid,./ephraim_rivas/Projects/Typography 2 - Font Book/ephraim_rivas_009.jpg
ephraim_rivas,#branding,,Typography2_FontBook_uid,./ephraim_rivas/Projects/Typography 2 - Font Book/ephraim_rivas_013.jpg
ephraim_rivas,#branding,,Typography2_FontBook_uid,./ephraim_rivas/Projects/Typography 2 - Font Book/ephraim_rivas_015.jpg
alyssia_williamson,"#glam,#portraits",,Display,./alyssia_williamson/Display/alyssia_williamson_001.jpg
alyssia_williamson,"#glam,#portraits",,Display,./alyssia_williamson/Display/alyssia_williamson_002.jpg
alyssia_williamson,"#glam,#portraits",@anais_morin,Portraits_Imani_uid,./alyssia_williamson/Projects/Portraits - Imani/alyssia_williamson_004.jpg
alyssia_williamson,"#glam,#portraits",@anais_morin,Portraits_Imani_uid,./alyssia_williamson/Projects/Portraits - Imani/alyssia_williamson_005.jpg
alyssia_williamson,"#glam,#portraits",@anais_morin,Portraits_Imani_uid,./alyssia_williamson/Projects/Portraits - Imani/alyssia_williamson_003.jpg
alyssia_williamson,"#glam,#portraits",@manon_avila,Portraits_Summer_uid,./alyssia_williamson/Projects/Portraits - Summer/alyssia_williamson_009.jpg
alyssia_williamson,"#glam,#portraits",@manon_avila,Portraits_Summer_uid,./alyssia_williamson/Projects/Portraits - Summer/alyssia_williamson_006.jpg
alyssia_williamson,"#glam,#portraits",@manon_avila,Portraits_Summer_uid,./alyssia_williamson/Projects/Portraits - Summer/alyssia_williamson_007.jpg
alyssia_williamson,"#glam,#portraits",@manon_avila,Portraits_Summer_uid,./alyssia_williamson/Projects/Portraits - Summer/alyssia_williamson_010.jpg
alyssia_williamson,"#glam,#portraits",@manon_avila,Portraits_Summer_uid,./alyssia_williamson/Projects/Portraits - Summer/alyssia_williamson_008.jpg
nathaniel_thatcher,,,Display,./nathaniel_thatcher/Display/nathaniel_thatcher_001.jpg
nathaniel_thatcher,,,SetDesign1_uid,./nathaniel_thatcher/Projects/Set Design 1/nathaniel_thatcher_007.jpg
nathaniel_thatcher,,,SetDesign1_uid,./nathaniel_thatcher/Projects/Set Design 1/nathaniel_thatcher_002.jpg
nathaniel_thatcher,,,SetDesign1_uid,./nathaniel_thatcher/Projects/Set Design 1/nathaniel_thatcher_003.jpg
nathaniel_thatcher,,,SetDesign1_uid,./nathaniel_thatcher/Projects/Set Design 1/nathaniel_thatcher_008.jpg
nathaniel_thatcher,,,SetDesign1_uid,./nathaniel_thatcher/Projects/Set Design 1/nathaniel_thatcher_006.jpg
nathaniel_thatcher,,,SetDesign1_uid,./nathaniel_thatcher/Projects/Set Design 1/nathaniel_thatcher_004.jpg
nathaniel_thatcher,,,SetDesign1_uid,./nathaniel_thatcher/Projects/Set Design 1/nathaniel_thatcher_005.jpg
nathaniel_thatcher,,,Typography1_TheUsualFont_uid,./nathaniel_thatcher/Projects/Typography 1 - The Usual Font/nathaniel_thatcher_010.jpg
nathaniel_thatcher,,,Typography1_TheUsualFont_uid,./nathaniel_thatcher/Projects/Typography 1 - The Usual Font/nathaniel_thatcher_012.jpg
nathaniel_thatcher,,,Typography1_TheUsualFont_uid,./nathaniel_thatcher/Projects/Typography 1 - The Usual Font/nathaniel_thatcher_014.jpg
nathaniel_thatcher,,,Typography1_TheUsualFont_uid,./nathaniel_thatcher/Projects/Typography 1 - The Usual Font/nathaniel_thatcher_013.jpg
nathaniel_thatcher,,,Typography1_TheUsualFont_uid,./nathaniel_thatcher/Projects/Typography 1 - The Usual Font/nathaniel_thatcher_011.jpg
nathaniel_thatcher,,,Typography1_TheUsualFont_uid,./nathaniel_thatcher/Projects/Typography 1 - The Usual Font/nathaniel_thatcher_009.jpg
fateh_durham,,,Display,./fateh_durham/Display/fateh_durham_002.jpg
fateh_durham,,,Display,./fateh_durham/Display/fateh_durham_001.jpg
fateh_durham,#branding,,Branding_Culinary_uid,./fateh_durham/Projects/Branding - Culinary/fateh_durham_005.jpg
fateh_durham,#branding,,Branding_Culinary_uid,./fateh_durham/Projects/Branding - Culinary/fateh_durham_006.jpg
fateh_durham,#branding,,Branding_Culinary_uid,./fateh_durham/Projects/Branding - Culinary/fateh_durham_010.jpg
fateh_durham,#branding,,Branding_Culinary_uid,./fateh_durham/Projects/Branding - Culinary/fateh_durham_004.jpg
fateh_durham,#branding,,Branding_Culinary_uid,./fateh_durham/Projects/Branding - Culinary/fateh_durham_009.jpg
fateh_durham,#branding,,Branding_Culinary_uid,./fateh_durham/Projects/Branding - Culinary/fateh_durham_003.jpg
fateh_durham,#branding,,Branding_Culinary_uid,./fateh_durham/Projects/Branding - Culinary/fateh_durham_008.jpg
fateh_durham,#branding,,Branding_Culinary_uid,./fateh_durham/Projects/Branding - Culinary/fateh_durham_007.jpg
fateh_durham,"#glam,#portraits,#fashion",@lamar_gregory,Portraits_Ambiance_uid,./fateh_durham/Projects/Portraits - Ambiance/fateh_durham_012.jpg
fateh_durham,"#glam,#portraits,#fashion",@lamar_gregory,Portraits_Ambiance_uid,./fateh_durham/Projects/Portraits - Ambiance/fateh_durham_014.jpg
fateh_durham,"#glam,#portraits,#fashion",@lamar_gregory,Portraits_Ambiance_uid,./fateh_durham/Projects/Portraits - Ambiance/fateh_durham_011.jpg
fateh_durham,"#glam,#portraits,#fashion",@lamar_gregory,Portraits_Ambiance_uid,./fateh_durham/Projects/Portraits - Ambiance/fateh_durham_013.jpg
melissa_ramsay,"#glam,#portraits",,Display,./melissa_ramsay/Display/melissa_ramsay_001.jpg
melissa_ramsay,"#glam,#portraits",@fateh_durham,Model_Bella_uid,./melissa_ramsay/Projects/Model 3 - Bella/melissa_ramsay_005.jpg
melissa_ramsay,"#glam,#portraits",@fateh_durham,Model_Bella_uid,./melissa_ramsay/Projects/Model 3 - Bella/melissa_ramsay_003.jpg
melissa_ramsay,"#glam,#portraits",@fateh_durham,Model_Bella_uid,./melissa_ramsay/Projects/Model 3 - Bella/melissa_ramsay_007.jpg
melissa_ramsay,"#glam,#portraits",@fateh_durham,Model_Bella_uid,./melissa_ramsay/Projects/Model 3 - Bella/melissa_ramsay_006.jpg
melissa_ramsay,"#glam,#portraits",@fateh_durham,Model_Bella_uid,./melissa_ramsay/Projects/Model 3 - Bella/melissa_ramsay_002.jpg
melissa_ramsay,"#glam,#portraits",@fateh_durham,Model_Bella_uid,./melissa_ramsay/Projects/Model 3 - Bella/melissa_ramsay_004.jpg
ameen_hunter,"#portraits,#makeup",,Display,./ameen_hunter/Display/ameen_hunter_002.jpg
ameen_hunter,"#portraits,#makeup",,Display,./ameen_hunter/Display/ameen_hunter_001.jpg
ameen_hunter,"#portraits,#makeup",,Portraits_Alexa_uid,./ameen_hunter/Projects/Portraits - Alexa/ameen_hunter_005.jpg
ameen_hunter,"#portraits,#makeup",,Portraits_Alexa_uid,./ameen_hunter/Projects/Portraits - Alexa/ameen_hunter_004.jpg
ameen_hunter,"#portraits,#makeup",,Portraits_Alexa_uid,./ameen_hunter/Projects/Portraits - Alexa/ameen_hunter_003.jpg
ameen_hunter,"#lifestyle,#glam,#fashion",,Portraits_Havana_uid,./ameen_hunter/Projects/Portraits - Havana/ameen_hunter_008.jpg
ameen_hunter,"#lifestyle,#glam,#fashion",,Portraits_Havana_uid,./ameen_hunter/Projects/Portraits - Havana/ameen_hunter_011.jpg
ameen_hunter,"#lifestyle,#glam,#fashion",,Portraits_Havana_uid,./ameen_hunter/Projects/Portraits - Havana/ameen_hunter_006.jpg
ameen_hunter,"#lifestyle,#glam,#fashion",,Portraits_Havana_uid,./ameen_hunter/Projects/Portraits - Havana/ameen_hunter_007.jpg
ameen_hunter,"#lifestyle,#glam,#fashion",,Portraits_Havana_uid,./ameen_hunter/Projects/Portraits - Havana/ameen_hunter_009.jpg
ameen_hunter,"#lifestyle,#glam,#fashion",,Portraits_Havana_uid,./ameen_hunter/Projects/Portraits - Havana/ameen_hunter_010.jpg
josh_howells,"#glam,#portraits",,Display,./josh_howells/Display/josh_howells_001.jpg
josh_howells,"#glam,#portraits",,Display,./josh_howells/Display/josh_howells_002.jpg
josh_howells,"#glam,#portraits",@matthew_hinton,Portraits_Hazel_uid,./josh_howells/Projects/Portraits - Hazel/josh_howells_007.jpg
josh_howells,"#glam,#portraits",@matthew_hinton,Portraits_Hazel_uid,./josh_howells/Projects/Portraits - Hazel/josh_howells_003.jpg
josh_howells,"#glam,#portraits",@matthew_hinton,Portraits_Hazel_uid,./josh_howells/Projects/Portraits - Hazel/josh_howells_006.jpg
josh_howells,"#glam,#portraits",@matthew_hinton,Portraits_Hazel_uid,./josh_howells/Projects/Portraits - Hazel/josh_howells_008.jpg
josh_howells,"#glam,#portraits",@matthew_hinton,Portraits_Hazel_uid,./josh_howells/Projects/Portraits - Hazel/josh_howells_009.jpg
josh_howells,"#glam,#portraits",@matthew_hinton,Portraits_Hazel_uid,./josh_howells/Projects/Portraits - Hazel/josh_howells_004.jpg
josh_howells,"#glam,#portraits",@matthew_hinton,Portraits_Hazel_uid,./josh_howells/Projects/Portraits - Hazel/josh_howells_005.jpg
josh_howells,"#glam,#portraits",@matthew_hinton,Portraits_Jodie_uid,./josh_howells/Projects/Portraits - Jodie/josh_howells_010.jpg
josh_howells,"#glam,#portraits",@matthew_hinton,Portraits_Jodie_uid,./josh_howells/Projects/Portraits - Jodie/josh_howells_015.jpg
josh_howells,"#glam,#portraits",@matthew_hinton,Portraits_Jodie_uid,./josh_howells/Projects/Portraits - Jodie/josh_howells_016.jpg
josh_howells,"#glam,#portraits",@matthew_hinton,Portraits_Jodie_uid,./josh_howells/Projects/Portraits - Jodie/josh_howells_011.jpg
josh_howells,"#glam,#portraits",@matthew_hinton,Portraits_Jodie_uid,./josh_howells/Projects/Portraits - Jodie/josh_howells_014.jpg
josh_howells,"#glam,#portraits",@matthew_hinton,Portraits_Jodie_uid,./josh_howells/Projects/Portraits - Jodie/josh_howells_013.jpg
josh_howells,"#glam,#portraits",@matthew_hinton,Portraits_Jodie_uid,./josh_howells/Projects/Portraits - Jodie/josh_howells_017.jpg
josh_howells,"#glam,#portraits",@matthew_hinton,Portraits_Jodie_uid,./josh_howells/Projects/Portraits - Jodie/josh_howells_012.jpg
nabeel_clifford,"#glam,#portraits,#fashion",,Display,./nabeel_clifford/Display/nabeel_clifford_001.jpg
nabeel_clifford,"#glam,#portraits,#fashion",,Display,./nabeel_clifford/Display/nabeel_clifford_002.jpg
nabeel_clifford,"#glam,#portraits,#fashion","@sultan_morgan,@steffan_harper,@dean_kelly",Model_Aja_uid,./nabeel_clifford/Projects/Model 9 - Aja/nabeel_clifford_006.jpg
nabeel_clifford,"#glam,#portraits,#fashion","@sultan_morgan,@steffan_harper,@dean_kelly",Model_Aja_uid,./nabeel_clifford/Projects/Model 9 - Aja/nabeel_clifford_008.jpg
nabeel_clifford,"#glam,#portraits,#fashion","@sultan_morgan,@steffan_harper,@dean_kelly",Model_Aja_uid,./nabeel_clifford/Projects/Model 9 - Aja/nabeel_clifford_004.jpg
nabeel_clifford,"#glam,#portraits,#fashion","@sultan_morgan,@steffan_harper,@dean_kelly",Model_Aja_uid,./nabeel_clifford/Projects/Model 9 - Aja/nabeel_clifford_007.jpg
nabeel_clifford,"#glam,#portraits,#fashion","@sultan_morgan,@steffan_harper,@dean_kelly",Model_Aja_uid,./nabeel_clifford/Projects/Model 9 - Aja/nabeel_clifford_005.jpg
nabeel_clifford,"#glam,#portraits,#fashion","@sultan_morgan,@steffan_harper,@dean_kelly",Model_Aja_uid,./nabeel_clifford/Projects/Model 9 - Aja/nabeel_clifford_003.jpg
nabeel_clifford,"#glam,#portraits,#fashion","@sultan_morgan,@steffan_harper,@dean_kelly",Model_Aja_uid,./nabeel_clifford/Projects/Model 9 - Aja/nabeel_clifford_010.jpg
nabeel_clifford,"#glam,#portraits,#fashion","@sultan_morgan,@steffan_harper,@dean_kelly",Model_Aja_uid,./nabeel_clifford/Projects/Model 9 - Aja/nabeel_clifford_009.jpg
matthew_hinton,#portraits,,Display,./matthew_hinton/Display/matthew_hinton_002.jpg
matthew_hinton,"#fashion,#glam",,Display,./matthew_hinton/Display/matthew_hinton_001.jpg
matthew_hinton,#branding,,Branding_RawGrow_uid,./matthew_hinton/Projects/Branding - Raw Grow/matthew_hinton_003.jpg
matthew_hinton,#branding,,Branding_RawGrow_uid,./matthew_hinton/Projects/Branding - Raw Grow/matthew_hinton_004.jpg
matthew_hinton,#branding,,Branding_RawGrow_uid,./matthew_hinton/Projects/Branding - Raw Grow/matthew_hinton_006.jpg
matthew_hinton,#branding,,Branding_RawGrow_uid,./matthew_hinton/Projects/Branding - Raw Grow/matthew_hinton_007.jpg
matthew_hinton,#branding,,Branding_RawGrow_uid,./matthew_hinton/Projects/Branding - Raw Grow/matthew_hinton_008.jpg
matthew_hinton,#branding,,Branding_RawGrow_uid,./matthew_hinton/Projects/Branding - Raw Grow/matthew_hinton_005.jpg
matthew_hinton,"#branding,#lifestyle",,Branding_RestaurantLounge_uid,./matthew_hinton/Projects/Branding - Restaurant Lounge/matthew_hinton_014.jpg
matthew_hinton,"#branding,#lifestyle",,Branding_RestaurantLounge_uid,./matthew_hinton/Projects/Branding - Restaurant Lounge/matthew_hinton_015.jpg
matthew_hinton,"#branding,#lifestyle",,Branding_RestaurantLounge_uid,./matthew_hinton/Projects/Branding - Restaurant Lounge/matthew_hinton_012.jpg
matthew_hinton,"#branding,#lifestyle",,Branding_RestaurantLounge_uid,./matthew_hinton/Projects/Branding - Restaurant Lounge/matthew_hinton_010.jpg
matthew_hinton,"#branding,#lifestyle",,Branding_RestaurantLounge_uid,./matthew_hinton/Projects/Branding - Restaurant Lounge/matthew_hinton_011.jpg
matthew_hinton,"#branding,#lifestyle",,Branding_RestaurantLounge_uid,./matthew_hinton/Projects/Branding - Restaurant Lounge/matthew_hinton_009.jpg
matthew_hinton,"#branding,#lifestyle",,Branding_RestaurantLounge_uid,./matthew_hinton/Projects/Branding - Restaurant Lounge/matthew_hinton_013.jpg
sultan_morgan,"#glam,#portraits,#fashion",,Display,./sultan_morgan/Display/sultan_morgan_001.jpg
sultan_morgan,"#glam,#portraits,#fashion",,Model_Bethany_uid,./sultan_morgan/Projects/Model 2 - Bethany/sultan_morgan_011.jpg
sultan_morgan,"#glam,#portraits,#fashion",,Model_Bethany_uid,./sultan_morgan/Projects/Model 2 - Bethany/sultan_morgan_002.jpg
sultan_morgan,"#glam,#portraits,#fashion",,Model_Bethany_uid,./sultan_morgan/Projects/Model 2 - Bethany/sultan_morgan_003.jpg
sultan_morgan,"#glam,#portraits,#fashion",,Model_Bethany_uid,./sultan_morgan/Projects/Model 2 - Bethany/sultan_morgan_009.jpg
sultan_morgan,"#glam,#portraits,#fashion",,Model_Bethany_uid,./sultan_morgan/Projects/Model 2 - Bethany/sultan_morgan_007.jpg
sultan_morgan,"#glam,#portraits,#fashion",,Model_Bethany_uid,./sultan_morgan/Projects/Model 2 - Bethany/sultan_morgan_010.jpg
sultan_morgan,"#glam,#portraits,#fashion",,Model_Bethany_uid,./sultan_morgan/Projects/Model 2 - Bethany/sultan_morgan_008.jpg
sultan_morgan,"#glam,#portraits,#fashion",,Model_Bethany_uid,./sultan_morgan/Projects/Model 2 - Bethany/sultan_morgan_004.jpg
sultan_morgan,"#glam,#portraits,#fashion",,Model_Bethany_uid,./sultan_morgan/Projects/Model 2 - Bethany/sultan_morgan_005.jpg
sultan_morgan,"#glam,#portraits,#fashion",,Model_Bethany_uid,./sultan_morgan/Projects/Model 2 - Bethany/sultan_morgan_006.jpg
joseph_moore,"#glam,#portraits,#fashion",,Display,./joseph_moore/Display/joseph_moore_001.jpg
joseph_moore,"#glam,#portraits,#fashion","@leena_mclean,@fateh_durham",Model_Leena_uid,./joseph_moore/Projects/Model 1 - Leena/joseph_moore_002.jpg
joseph_moore,"#glam,#portraits,#fashion","@leena_mclean,@fateh_durham",Model_Leena_uid,./joseph_moore/Projects/Model 1 - Leena/joseph_moore_005.jpg
joseph_moore,"#glam,#portraits,#fashion","@leena_mclean,@fateh_durham",Model_Leena_uid,./joseph_moore/Projects/Model 1 - Leena/joseph_moore_004.jpg
joseph_moore,"#glam,#portraits,#fashion","@leena_mclean,@fateh_durham",Model_Leena_uid,./joseph_moore/Projects/Model 1 - Leena/joseph_moore_007.jpg
joseph_moore,"#glam,#portraits,#fashion","@leena_mclean,@fateh_durham",Model_Leena_uid,./joseph_moore/Projects/Model 1 - Leena/joseph_moore_006.jpg
joseph_moore,"#glam,#portraits,#fashion","@leena_mclean,@fateh_durham",Model_Leena_uid,./joseph_moore/Projects/Model 1 - Leena/joseph_moore_008.jpg
joseph_moore,"#glam,#portraits,#fashion","@leena_mclean,@fateh_durham",Model_Leena_uid,./joseph_moore/Projects/Model 1 - Leena/joseph_moore_003.jpg